id,nurse,target,indice,var,media_tempo
19,jubranca,angico,RII,altura,-0.5944250871
19,jubranca,angico,RII,folha,-0.7424242424
19,jubranca,aroeira,RII,altura,0.0298820048
19,jubranca,aroeira,RII,folha,-0.1928904429
19,jubranca,cating,RII,altura,-0.5283259327
19,jubranca,cating,RII,folha,-0.2529761905
20,jupreta,angico,RII,altura,0.6359109564
20,jupreta,angico,RII,folha,0.6423611111
20,jupreta,aroeira,RII,altura,0.0105214411
20,jupreta,aroeira,RII,folha,0.0404700989
20,jupreta,cating,RII,altura,0.3561168547
20,jupreta,cating,RII,folha,0.25
21,catingueira,angico,RII,altura,0.4790123487
21,catingueira,angico,RII,folha,0.4277950311
21,catingueira,aroeira,RII,altura,0.0336529607
21,catingueira,aroeira,RII,folha,-0.1666666667
21,catingueira,cating,RII,altura,-0.1166682275
21,catingueira,cating,RII,folha,-0.0736350575
22,jupreta,angico,RII,altura,-0.1444647374
22,jupreta,angico,RII,folha,0.1833865915
22,jupreta,aroeira,RII,altura,0.0489766805
22,jupreta,aroeira,RII,folha,-0.0781899881
22,jupreta,cating,RII,altura,0.4378206228
22,jupreta,cating,RII,folha,0.3879960318
23,cumaru,angico,RII,altura,-0.2310722886
23,cumaru,angico,RII,folha,-0.0758928571
23,cumaru,aroeira,RII,altura,0.3570633849
23,cumaru,aroeira,RII,folha,0.340625
23,cumaru,cating,RII,altura,-0.2701038027
23,cumaru,cating,RII,folha,-0.0535714286
24,feijao,angico,RII,altura,0.445470259
24,feijao,angico,RII,folha,0.5285714286
24,feijao,aroeira,RII,altura,0.5029407546
24,feijao,aroeira,RII,folha,0.3248626374
24,feijao,cating,RII,altura,0.1909846547
24,feijao,cating,RII,folha,0.1270292208
25,marmeleiro,angico,RII,altura,-0.1013610405
25,marmeleiro,angico,RII,folha,0.2083041958
25,marmeleiro,aroeira,RII,altura,-0.0229879276
25,marmeleiro,aroeira,RII,folha,-0.1937895489
25,marmeleiro,cating,RII,altura,0.0118952193
25,marmeleiro,cating,RII,folha,0.0462526206
27,imbiratanha,angico,RII,altura,0.0966195444
27,imbiratanha,angico,RII,folha,0.0964513557
27,imbiratanha,aroeira,RII,altura,-0.032727151
27,imbiratanha,aroeira,RII,folha,-0.016728709
27,imbiratanha,cating,RII,altura,0.0359709248
27,imbiratanha,cating,RII,folha,-0.2029448622
28,paubranco,angico,RII,altura,-0.4179137702
28,paubranco,angico,RII,folha,-0.566983017
28,paubranco,aroeira,RII,altura,0.1715469701
28,paubranco,aroeira,RII,folha,-0.0207954402
28,paubranco,cating,RII,altura,-0.0496231813
28,paubranco,cating,RII,folha,0.189295977
30,catanduva,angico,RII,altura,0.0827142482
30,catanduva,angico,RII,folha,0.3242997199
30,catanduva,aroeira,RII,altura,0.0616649026
30,catanduva,aroeira,RII,folha,-0.1868133133
30,catanduva,cating,RII,altura,0.4263808729
30,catanduva,cating,RII,folha,0.4517857143
32,umbu,angico,RII,altura,-0.0506794301
32,umbu,angico,RII,folha,0.0797317115
32,umbu,aroeira,RII,altura,-0.1809009958
32,umbu,aroeira,RII,folha,0.206844846
32,umbu,cating,RII,altura,-0.0334352924
32,umbu,cating,RII,folha,0.1375
33,paubranco,angico,RII,altura,-0.6245859213
33,paubranco,angico,RII,folha,-0.5791666667
33,paubranco,aroeira,RII,altura,-0.7181372549
33,paubranco,aroeira,RII,folha,-0.9678030303
33,paubranco,cating,RII,altura,-0.2615476527
33,paubranco,cating,RII,folha,0.1405677656
34,ipe,angico,RII,altura,-0.2144183253
34,ipe,angico,RII,folha,0.0887820513
34,ipe,aroeira,RII,altura,-0.073138962
34,ipe,aroeira,RII,folha,0.1021825397
34,ipe,cating,RII,altura,-0.1542291292
34,ipe,cating,RII,folha,0.0233100233
35,catingueira,angico,RII,altura,0.2073780214
35,catingueira,angico,RII,folha,0.0291872211
35,catingueira,aroeira,RII,altura,-0.1928165776
35,catingueira,aroeira,RII,folha,-0.061999293
35,catingueira,cating,RII,altura,-0.1257553045
35,catingueira,cating,RII,folha,-0.1391098485
38,angico,angico,RII,altura,0.1333820693
38,angico,angico,RII,folha,-0.2083016458
38,angico,aroeira,RII,altura,-0.1722333953
38,angico,aroeira,RII,folha,-0.3525206833
38,angico,cating,RII,altura,-0.1747888386
38,angico,cating,RII,folha,0.0009615385
41,burra,angico,RII,altura,-0.3751498114
41,burra,angico,RII,folha,-0.5874183007
41,burra,aroeira,RII,altura,-0.1055963092
41,burra,aroeira,RII,folha,-0.248015873
41,burra,cating,RII,altura,0.1892692013
41,burra,cating,RII,folha,0.2669354839
43,catanduva,angico,RII,altura,0.0434875509
43,catanduva,angico,RII,folha,0.2581145902
43,catanduva,aroeira,RII,altura,0.1568662452
43,catanduva,aroeira,RII,folha,-0.1859440267
43,catanduva,cating,RII,altura,-0.0785666049
43,catanduva,cating,RII,folha,0.2202380953
46,jubranca,angico,RII,altura,0.1128067411
46,jubranca,angico,RII,folha,0.0245535714
46,jubranca,aroeira,RII,altura,0.1049852546
46,jubranca,aroeira,RII,folha,0.0940476191
46,jubranca,cating,RII,altura,-0.0730041246
46,jubranca,cating,RII,folha,0.1636793123
48,marmeleiro,angico,RII,altura,-0.70195462
48,marmeleiro,angico,RII,folha,-0.7054112554
48,marmeleiro,aroeira,RII,altura,0.0715398293
48,marmeleiro,aroeira,RII,folha,0.0569917583
48,marmeleiro,cating,RII,altura,-0.035210084
48,marmeleiro,cating,RII,folha,-0.1294642857
51,marmeleiro,angico,RII,altura,0.0894931771
51,marmeleiro,angico,RII,folha,-0.2698074323
51,marmeleiro,aroeira,RII,altura,0.9007936508
51,marmeleiro,aroeira,RII,folha,0.875
51,marmeleiro,cating,RII,altura,0.0773863965
51,marmeleiro,cating,RII,folha,-0.0120879121
52,paubranco,angico,RII,altura,0.4603686115
52,paubranco,angico,RII,folha,0.45
52,paubranco,aroeira,RII,altura,-0.1330011541
52,paubranco,aroeira,RII,folha,-0.1987442922
52,paubranco,cating,RII,altura,0.383870962
52,paubranco,cating,RII,folha,0.1746635611
53,cumaru,angico,RII,altura,0.4439483727
53,cumaru,angico,RII,folha,0.5118142206
53,cumaru,aroeira,RII,altura,-0.0336834016
53,cumaru,aroeira,RII,folha,-0.1970261438
53,cumaru,cating,RII,altura,0.0600991533
53,cumaru,cating,RII,folha,-0.218627451
55,ipe,angico,RII,altura,0.625
55,ipe,angico,RII,folha,0.6458626513
55,ipe,aroeira,RII,altura,-0.2163472158
55,ipe,aroeira,RII,folha,0.0617370892
55,ipe,cating,RII,altura,-0.1696766176
55,ipe,cating,RII,folha,0.0548245614
56,jubranca,angico,RII,altura,-0.2103225634
56,jubranca,angico,RII,folha,-0.0083333333
56,jubranca,aroeira,RII,altura,0.2532844817
56,jubranca,aroeira,RII,folha,0.4831486043
56,jubranca,cating,RII,altura,-0.1106937492
56,jubranca,cating,RII,folha,0
57,imburana,angico,RII,altura,-0.1068963444
57,imburana,angico,RII,folha,0.1645768834
57,imburana,aroeira,RII,altura,-0.085397016
57,imburana,aroeira,RII,folha,0.10703125
57,imburana,cating,RII,altura,0.050008832
57,imburana,cating,RII,folha,-0.266857349
58,angico,angico,RII,altura,0.0039497704
58,angico,angico,RII,folha,-0.4592090428
58,angico,aroeira,RII,altura,-0.0110325729
58,angico,aroeira,RII,folha,0.0846726191
58,angico,cating,RII,altura,-0.0299130655
58,angico,cating,RII,folha,-0.016504329
60,mofumbo,angico,RII,altura,-0.3353649008
60,mofumbo,angico,RII,folha,-0.4683198381
60,mofumbo,aroeira,RII,altura,0.6578047264
60,mofumbo,aroeira,RII,folha,0.566576087
60,mofumbo,cating,RII,altura,-0.2273960535
60,mofumbo,cating,RII,folha,-0.0243506494
61,marmeleiro,angico,RII,altura,0.5295516304
61,marmeleiro,angico,RII,folha,0.34326373
61,marmeleiro,aroeira,RII,altura,0.1288577168
61,marmeleiro,aroeira,RII,folha,0.2553429027
61,marmeleiro,cating,RII,altura,0.1566260563
61,marmeleiro,cating,RII,folha,0.1626990241
62,mofumbo,angico,RII,altura,0.5371733024
62,mofumbo,angico,RII,folha,0.9244949495
62,mofumbo,aroeira,RII,altura,0.0725715003
62,mofumbo,aroeira,RII,folha,0.1268298368
62,mofumbo,cating,RII,altura,0.2584956949
62,mofumbo,cating,RII,folha,-0.0888480392
64,catingueira,angico,RII,altura,0.7826236264
64,catingueira,angico,RII,folha,0.8504464286
64,catingueira,aroeira,RII,altura,0.2709825914
64,catingueira,aroeira,RII,folha,0.0549967661
64,catingueira,cating,RII,altura,-0.3139132225
64,catingueira,cating,RII,folha,0.012962963
65,catanduva,angico,RII,altura,-0.2700497846
65,catanduva,angico,RII,folha,-0.0714285714
65,catanduva,aroeira,RII,altura,0.0985373282
65,catanduva,aroeira,RII,folha,0.1033333333
65,catanduva,cating,RII,altura,0.2863857466
65,catanduva,cating,RII,folha,0.0321428571
66,pereiro,angico,RII,altura,0.6169354839
66,pereiro,angico,RII,folha,0.6667956656
66,pereiro,aroeira,RII,altura,0.0305396912
66,pereiro,aroeira,RII,folha,0.1446581197
66,pereiro,cating,RII,altura,0.034002745
66,pereiro,cating,RII,folha,0.3736111111
67,feijao,angico,RII,altura,-0.6451612903
67,feijao,angico,RII,folha,-0.5892857143
67,feijao,aroeira,RII,altura,-0.0109436651
67,feijao,aroeira,RII,folha,0.1272727273
67,feijao,cating,RII,altura,0.2230444278
67,feijao,cating,RII,folha,0.2536406375
68,jubranca,angico,RII,altura,0.0279081797
68,jubranca,angico,RII,folha,0.073489011
68,jubranca,aroeira,RII,altura,-0.0193828992
68,jubranca,aroeira,RII,folha,0.2232634033
68,jubranca,cating,RII,altura,0.4376480656
68,jubranca,cating,RII,folha,0.2345238095
69,mororo,angico,RII,altura,0.0506138563
69,mororo,angico,RII,folha,0.0475284942
69,mororo,aroeira,RII,altura,0.0530437015
69,mororo,aroeira,RII,folha,0.0271202883
69,mororo,cating,RII,altura,0.0825262553
69,mororo,cating,RII,folha,0.119073726
70,jubranca,angico,RII,altura,0.2067377496
70,jubranca,angico,RII,folha,0.3049242424
70,jubranca,aroeira,RII,altura,-0.2669066188
70,jubranca,aroeira,RII,folha,0.0688488142
70,jubranca,cating,RII,altura,0.2392628205
70,jubranca,cating,RII,folha,-0.0916666667
71,mofumbo,angico,RII,altura,-0.4574543999
71,mofumbo,angico,RII,folha,-0.4500915751
71,mofumbo,aroeira,RII,altura,0.0354708162
71,mofumbo,aroeira,RII,folha,-0.0258152174
71,mofumbo,cating,RII,altura,0.145225763
71,mofumbo,cating,RII,folha,-0.1716666667
72,marmeleiro,angico,RII,altura,0.4878874038
72,marmeleiro,angico,RII,folha,0.4342009685
72,marmeleiro,aroeira,RII,altura,-0.1939850708
72,marmeleiro,aroeira,RII,folha,-0.0276495727
72,marmeleiro,cating,RII,altura,-0.1585306201
72,marmeleiro,cating,RII,folha,-0.1603163993
73,imbiratanha,angico,RII,altura,0.1799112871
73,imbiratanha,angico,RII,folha,-0.0116224355
73,imbiratanha,aroeira,RII,altura,0.2278446429
73,imbiratanha,aroeira,RII,folha,0.275
73,imbiratanha,cating,RII,altura,0.0094126081
73,imbiratanha,cating,RII,folha,0.523538961
74,imburana,angico,RII,altura,0.6002870264
74,imburana,angico,RII,folha,0.5589015152
74,imburana,aroeira,RII,altura,0.0462015754
74,imburana,aroeira,RII,folha,0.099906015
74,imburana,cating,RII,altura,-0.4373218245
74,imburana,cating,RII,folha,-0.1540404041
75,feijao,angico,RII,altura,0.1238108799
75,feijao,angico,RII,folha,0.2385416667
75,feijao,aroeira,RII,altura,-0.0072507351
75,feijao,aroeira,RII,folha,-0.2899277689
75,feijao,cating,RII,altura,0.1422527998
75,feijao,cating,RII,folha,0.3361111111
76,imburana,angico,RII,altura,0.5703781513
76,imburana,angico,RII,folha,0.6976495727
76,imburana,aroeira,RII,altura,-0.4744732678
76,imburana,aroeira,RII,folha,-0.4755411255
76,imburana,cating,RII,altura,0.2389757099
76,imburana,cating,RII,folha,-0.3035587639
78,imbiratanha,angico,RII,altura,-0.1404520747
78,imbiratanha,angico,RII,folha,0.1441129194
78,imbiratanha,aroeira,RII,altura,-0.1071893042
78,imbiratanha,aroeira,RII,folha,-0.3991071429
78,imbiratanha,cating,RII,altura,0.1177748506
78,imbiratanha,cating,RII,folha,0.1166125541
79,mororo,angico,RII,altura,0.1037545985
79,mororo,angico,RII,folha,0.4041666667
79,mororo,aroeira,RII,altura,0.0241782533
79,mororo,aroeira,RII,folha,-0.0137156271
79,mororo,cating,RII,altura,0.3854622962
79,mororo,cating,RII,folha,0.3854166667
80,feijao,angico,RII,altura,0.0834457077
80,feijao,angico,RII,folha,0.0714646465
80,feijao,aroeira,RII,altura,-0.4466970025
80,feijao,aroeira,RII,folha,-0.4286630037
80,feijao,cating,RII,altura,-0.0134523809
80,feijao,cating,RII,folha,-0.0654761905
81,burra,angico,RII,altura,-0.384991668
81,burra,angico,RII,folha,-0.4313295494
81,burra,aroeira,RII,altura,0.1121477947
81,burra,aroeira,RII,folha,0.0560606061
81,burra,cating,RII,altura,0.1066464238
81,burra,cating,RII,folha,-0.1025525526
82,pereiro,angico,RII,altura,0.0192687593
82,pereiro,angico,RII,folha,0.1146579517
82,pereiro,aroeira,RII,altura,0.0412612613
82,pereiro,aroeira,RII,folha,0.2514590678
82,pereiro,cating,RII,altura,0.1444799659
82,pereiro,cating,RII,folha,-0.0690476191
84,mororo,angico,RII,altura,0.0008347596
84,mororo,angico,RII,folha,-0.0605769231
84,mororo,aroeira,RII,altura,-0.0693498533
84,mororo,aroeira,RII,folha,-0.0410033168
84,mororo,cating,RII,altura,-0.066136867
84,mororo,cating,RII,folha,-0.4625
85,angico,angico,RII,altura,0.5169072786
85,angico,angico,RII,folha,0.1194444445
85,angico,aroeira,RII,altura,-0.0698714934
85,angico,aroeira,RII,folha,-0.2308293145
85,angico,cating,RII,altura,0.3790835309
85,angico,cating,RII,folha,0.0693452381
88,burra,angico,RII,altura,0.2180805708
88,burra,angico,RII,folha,-0.082759042
88,burra,aroeira,RII,altura,-0.0439689004
88,burra,aroeira,RII,folha,0.0748160173
88,burra,cating,RII,altura,0.2846963423
88,burra,cating,RII,folha,-0.0069444444
93,mororo,angico,RII,altura,0.4324022891
93,mororo,angico,RII,folha,0.468115942
93,mororo,aroeira,RII,altura,-0.0498118792
93,mororo,aroeira,RII,folha,0.1707633053
93,mororo,cating,RII,altura,0.2823567306
93,mororo,cating,RII,folha,0.0019016698
95,catingueira,angico,RII,altura,0.0581776433
95,catingueira,angico,RII,folha,0.0249734922
95,catingueira,aroeira,RII,altura,0.0084266076
95,catingueira,aroeira,RII,folha,0.2072222222
95,catingueira,cating,RII,altura,-0.013413506
95,catingueira,cating,RII,folha,0.1041666667
97,cumaru,angico,RII,altura,-0.1327916053
97,cumaru,angico,RII,folha,0.1692835366
97,cumaru,aroeira,RII,altura,0.1290044828
97,cumaru,aroeira,RII,folha,0.309570802
97,cumaru,cating,RII,altura,0.1683522819
97,cumaru,cating,RII,folha,0.2952380953
98,jupreta,angico,RII,altura,0.2883071469
98,jupreta,angico,RII,folha,-0.1585924586
98,jupreta,aroeira,RII,altura,0.0511427876
98,jupreta,aroeira,RII,folha,-0.0786064426
98,jupreta,cating,RII,altura,-0.4464160271
98,jupreta,cating,RII,folha,-0.2520582255
100,cumaru,angico,RII,altura,0.4153871699
100,cumaru,angico,RII,folha,0.5663377193
100,cumaru,aroeira,RII,altura,-0.362113797
100,cumaru,aroeira,RII,folha,-0.2770206767
100,cumaru,cating,RII,altura,-0.0019713913
100,cumaru,cating,RII,folha,-0.1446969697
101,pereiro,angico,RII,altura,-0.0167969052
101,pereiro,angico,RII,folha,0.1355873421
101,pereiro,aroeira,RII,altura,-0.0266936787
101,pereiro,aroeira,RII,folha,-0.0694853572
101,pereiro,cating,RII,altura,0.1015896749
101,pereiro,cating,RII,folha,0.5160714286
102,burra,angico,RII,altura,0.1967514383
102,burra,angico,RII,folha,0.0443753344
102,burra,aroeira,RII,altura,0.0527440998
102,burra,aroeira,RII,folha,-0.3170383987
102,burra,cating,RII,altura,0.0835218094
102,burra,cating,RII,folha,-0.1452850877
108,catanduva,angico,RII,altura,0.6750984582
108,catanduva,angico,RII,folha,0.4557372291
108,catanduva,aroeira,RII,altura,0.0332026118
108,catanduva,aroeira,RII,folha,-0.1044156567
108,catanduva,cating,RII,altura,0.4338184763
108,catanduva,cating,RII,folha,0.4375
110,paubranco,angico,RII,altura,0.1415118198
110,paubranco,angico,RII,folha,0.008211927
110,paubranco,aroeira,RII,altura,-0.0998058712
110,paubranco,aroeira,RII,folha,-0.1975877193
110,paubranco,cating,RII,altura,-0.3204797941
110,paubranco,cating,RII,folha,0.0016666667
111,angico,angico,RII,altura,0.4684598735
111,angico,angico,RII,folha,-0.0373484849
111,angico,aroeira,RII,altura,-0.2944348703
111,angico,aroeira,RII,folha,-0.3509359903
111,angico,cating,RII,altura,-0.221437846
111,angico,cating,RII,folha,-0.1753913894
112,ipe,angico,RII,altura,0.3464934043
112,ipe,angico,RII,folha,0.2986111111
112,ipe,aroeira,RII,altura,0.0429968863
112,ipe,aroeira,RII,folha,0.0951388889
112,ipe,cating,RII,altura,0.0500646801
112,ipe,cating,RII,folha,-0.125
113,algodao,angico,RII,altura,0.0389747163
113,algodao,angico,RII,folha,0.2003968254
113,algodao,aroeira,RII,altura,0.2588958502
113,algodao,aroeira,RII,folha,0.2457264957
113,algodao,cating,RII,altura,0.0304906222
113,algodao,cating,RII,folha,0.1334842326
115,umbu,angico,RII,altura,-0.1151437903
115,umbu,angico,RII,folha,0.1748724796
115,umbu,aroeira,RII,altura,-0.1507015972
115,umbu,aroeira,RII,folha,-0.2666737867
115,umbu,cating,RII,altura,0.0676508341
115,umbu,cating,RII,folha,0.2083333333
118,ipe,angico,RII,altura,-0.0377888666
118,ipe,angico,RII,folha,0.2005775577
118,ipe,aroeira,RII,altura,-0.0329743442
118,ipe,aroeira,RII,folha,-0.1122453151
118,ipe,cating,RII,altura,0.0593253968
118,ipe,cating,RII,folha,-0.0505952381
119,mofumbo,angico,RII,altura,-0.2152315304
119,mofumbo,angico,RII,folha,-0.0675647882
119,mofumbo,aroeira,RII,altura,0.108358935
119,mofumbo,aroeira,RII,folha,0.1095725578
119,mofumbo,cating,RII,altura,0.4156028369
119,mofumbo,cating,RII,folha,0.3511904762
122,algodao,angico,RII,altura,0.1584580754
122,algodao,angico,RII,folha,0.1175212278
122,algodao,aroeira,RII,altura,0.111431491
122,algodao,aroeira,RII,folha,-0.1402777778
122,algodao,cating,RII,altura,-0.0227272315
122,algodao,cating,RII,folha,-0.0471254356
123,algodao,angico,RII,altura,0.41149095
123,algodao,angico,RII,folha,0.3361111111
123,algodao,aroeira,RII,altura,-0.0771403053
123,algodao,aroeira,RII,folha,0.1066729323
123,algodao,cating,RII,altura,0.029971969
123,algodao,cating,RII,folha,0.060218254
124,favelinha,angico,RII,altura,0.7061634583
124,favelinha,angico,RII,folha,0.6071428571
124,favelinha,aroeira,RII,altura,0.0550331593
124,favelinha,aroeira,RII,folha,-0.2365460526
124,favelinha,cating,RII,altura,-0.0171805262
124,favelinha,cating,RII,folha,0.0235603544
125,jupreta,angico,RII,altura,0.7051371624
125,jupreta,angico,RII,folha,0.6833600427
125,jupreta,aroeira,RII,altura,-0.006039916
125,jupreta,aroeira,RII,folha,-0.1614748677
125,jupreta,cating,RII,altura,0.0424347905
125,jupreta,cating,RII,folha,-0.0166666667
126,jupreta,angico,RII,altura,0.5304442441
126,jupreta,angico,RII,folha,0.2583333333
126,jupreta,aroeira,RII,altura,-0.0895913681
126,jupreta,aroeira,RII,folha,0.1951923077
126,jupreta,cating,RII,altura,0.1248090289
126,jupreta,cating,RII,folha,0.1678571429
127,catingueira,angico,RII,altura,-0.1667026955
127,catingueira,angico,RII,folha,-0.1085850397
127,catingueira,aroeira,RII,altura,-0.1556592325
127,catingueira,aroeira,RII,folha,-0.2856072822
127,catingueira,cating,RII,altura,-0.0161872441
127,catingueira,cating,RII,folha,-0.0913961039
128,burra,angico,RII,altura,0.0508881609
128,burra,angico,RII,folha,0.3917366947
128,burra,aroeira,RII,altura,0.0646693494
128,burra,aroeira,RII,folha,0.0274778844
128,burra,cating,RII,altura,0.1351648352
128,burra,cating,RII,folha,0.1336659664
129,pereiro,angico,RII,altura,0.1594929376
129,pereiro,angico,RII,folha,0.5581699346
129,pereiro,aroeira,RII,altura,-0.0326373421
129,pereiro,aroeira,RII,folha,0.1634704969
129,pereiro,cating,RII,altura,0.5624281778
129,pereiro,cating,RII,folha,0.3368055556
130,juca,angico,RII,altura,0.0952307586
130,juca,angico,RII,folha,0.2378393665
130,juca,aroeira,RII,altura,-0.1335533639
130,juca,aroeira,RII,folha,-0.160954583
130,juca,cating,RII,altura,-0.1735910114
130,juca,cating,RII,folha,-0.1366883117
131,catanduva,angico,RII,altura,0.0653618125
131,catanduva,angico,RII,folha,0.0651271999
131,catanduva,aroeira,RII,altura,-0.0848104442
131,catanduva,aroeira,RII,folha,-0.2920075324
131,catanduva,cating,RII,altura,0.0039711733
131,catanduva,cating,RII,folha,-0.0351351351
132,ipe,angico,RII,altura,0.4882041875
132,ipe,angico,RII,folha,0.5305944056
132,ipe,aroeira,RII,altura,0.0436418932
132,ipe,aroeira,RII,folha,0.1851261444
132,ipe,cating,RII,altura,0.1332426346
132,ipe,cating,RII,folha,0.0474358974
134,feijao,angico,RII,altura,0.0803311542
134,feijao,angico,RII,folha,0.0039432789
134,feijao,aroeira,RII,altura,0.031788753
134,feijao,aroeira,RII,folha,0.1693370036
134,feijao,cating,RII,altura,0.3026570049
134,feijao,cating,RII,folha,0.0222222222
136,juca,angico,RII,altura,0.2906483451
136,juca,angico,RII,folha,0.3737179487
136,juca,aroeira,RII,altura,-0.1276438332
136,juca,aroeira,RII,folha,-0.1506168831
136,juca,cating,RII,altura,0.1660744182
136,juca,cating,RII,folha,0.2239357865
137,mofumbo,angico,RII,altura,0.5381535894
137,mofumbo,angico,RII,folha,0.5222039474
137,mofumbo,aroeira,RII,altura,-0.570385763
137,mofumbo,aroeira,RII,folha,-0.6257739938
137,mofumbo,cating,RII,altura,-0.0420814741
137,mofumbo,cating,RII,folha,0
138,favelinha,angico,RII,altura,0.1865142115
138,favelinha,angico,RII,folha,0.3307485323
138,favelinha,aroeira,RII,altura,-0.066678703
138,favelinha,aroeira,RII,folha,-0.0854693552
138,favelinha,cating,RII,altura,-0.1367242464
138,favelinha,cating,RII,folha,-0.1487179487
139,juca,angico,RII,altura,-0.0306563229
139,juca,angico,RII,folha,0.3822032436
139,juca,aroeira,RII,altura,-0.0211920942
139,juca,aroeira,RII,folha,-0.1409947509
139,juca,cating,RII,altura,0.0552091042
139,juca,cating,RII,folha,0.3889880952
141,umbu,angico,RII,altura,-0.0395523555
141,umbu,angico,RII,folha,0.1607142857
141,umbu,aroeira,RII,altura,-0.0612163429
141,umbu,aroeira,RII,folha,-0.1300596616
141,umbu,cating,RII,altura,0.0970075675
141,umbu,cating,RII,folha,0.0956909938
143,umbu,angico,RII,altura,0.0922207275
143,umbu,angico,RII,folha,0.3583065485
143,umbu,aroeira,RII,altura,0.1094834016
143,umbu,aroeira,RII,folha,0.0422031742
143,umbu,cating,RII,altura,0.0219018031
143,umbu,cating,RII,folha,0.1872023809
144,angico,angico,RII,altura,0.2235511146
144,angico,angico,RII,folha,0.1296783626
144,angico,aroeira,RII,altura,0.0204688832
144,angico,aroeira,RII,folha,-0.0741937229
144,angico,cating,RII,altura,0.1562399782
144,angico,cating,RII,folha,0.2895652958
145,juca,angico,RII,altura,0.4981429303
145,juca,angico,RII,folha,0.4687728938
145,juca,aroeira,RII,altura,0.0967761489
145,juca,aroeira,RII,folha,-0.1117784993
145,juca,cating,RII,altura,-0.0681796757
145,juca,cating,RII,folha,-0.4041369048
146,paubranco,angico,RII,altura,0.4980263158
146,paubranco,angico,RII,folha,0.4405172414
146,paubranco,aroeira,RII,altura,0.7515822785
146,paubranco,aroeira,RII,folha,0.8784965035
146,paubranco,cating,RII,altura,-0.3188539531
146,paubranco,cating,RII,folha,-0.3035714286
147,pereiro,angico,RII,altura,0.1038788459
147,pereiro,angico,RII,folha,-0.3919232983
147,pereiro,aroeira,RII,altura,0.1216870599
147,pereiro,aroeira,RII,folha,0.1713342557
147,pereiro,cating,RII,altura,-0.2488279478
147,pereiro,cating,RII,folha,-0.0584608844
148,juca,angico,RII,altura,-0.0040955919
148,juca,angico,RII,folha,-0.1875
148,juca,aroeira,RII,altura,0.1060698782
148,juca,aroeira,RII,folha,-0.2586209113
148,juca,cating,RII,altura,-0.1211351688
148,juca,cating,RII,folha,0.1519589552
149,cumaru,angico,RII,altura,0.7004926971
149,cumaru,angico,RII,folha,0.5411820636
149,cumaru,aroeira,RII,altura,0.0495953281
149,cumaru,aroeira,RII,folha,0.3423505239
149,cumaru,cating,RII,altura,-0.1062725667
149,cumaru,cating,RII,folha,0.1904761905
150,imbiratanha,angico,RII,altura,0.0598800478
150,imbiratanha,angico,RII,folha,0.1174719888
150,imbiratanha,aroeira,RII,altura,-0.1037621983
150,imbiratanha,aroeira,RII,folha,-0.0602777778
150,imbiratanha,cating,RII,altura,-0.0856938144
150,imbiratanha,cating,RII,folha,-0.0834737197
151,imburana,angico,RII,altura,0.063800914
151,imburana,angico,RII,folha,0.0698781291
151,imburana,aroeira,RII,altura,0.0961552022
151,imburana,aroeira,RII,folha,0.1606295878
151,imburana,cating,RII,altura,0.2789868522
151,imburana,cating,RII,folha,0.2366828087
152,mororo,angico,RII,altura,-0.5503623189
152,mororo,angico,RII,folha,-0.5882352941
152,mororo,aroeira,RII,altura,-0.2745945708
152,mororo,aroeira,RII,folha,-0.1017512077
152,mororo,cating,RII,altura,-0.2745655722
152,mororo,cating,RII,folha,-0.097979798
153,favelinha,angico,RII,altura,0.2325876528
153,favelinha,angico,RII,folha,-0.0555783908
153,favelinha,aroeira,RII,altura,-0.0351750908
153,favelinha,aroeira,RII,folha,-0.0829678363
153,favelinha,cating,RII,altura,0.3500499675
153,favelinha,cating,RII,folha,0.0833333334
154,favelinha,angico,RII,altura,-0.0636554622
154,favelinha,angico,RII,folha,0.0070866633
154,favelinha,aroeira,RII,altura,0.142088301
154,favelinha,aroeira,RII,folha,0.0949699416
154,favelinha,cating,RII,altura,0.032400972
154,favelinha,cating,RII,folha,0.2756696429
155,favelinha,angico,RII,altura,0.2408989171
155,favelinha,angico,RII,folha,0.2790404041
155,favelinha,aroeira,RII,altura,0.0236157353
155,favelinha,aroeira,RII,folha,0.0045469024
155,favelinha,cating,RII,altura,0.0729733137
155,favelinha,cating,RII,folha,0.2676144877
156,algodao,angico,RII,altura,-0.0542081818
156,algodao,angico,RII,folha,0.2538832754
156,algodao,aroeira,RII,altura,-0.1253783102
156,algodao,aroeira,RII,folha,-0.0826388889
156,algodao,cating,RII,altura,-0.0908849826
156,algodao,cating,RII,folha,0
157,algodao,angico,RII,altura,0.3472356464
157,algodao,angico,RII,folha,0.3762626263
157,algodao,aroeira,RII,altura,-0.0266250919
157,algodao,aroeira,RII,folha,0.050589364
157,algodao,cating,RII,altura,-0.1741067895
157,algodao,cating,RII,folha,0.120395328
158,umbu,angico,RII,altura,-0.1099237358
158,umbu,angico,RII,folha,0.0558308712
158,umbu,aroeira,RII,altura,0.0537424695
158,umbu,aroeira,RII,folha,-0.0027903256
158,umbu,cating,RII,altura,-0.1771803765
158,umbu,cating,RII,folha,-1.24999871564668E-011
159,imburana,angico,RII,altura,-0.1285191713
159,imburana,angico,RII,folha,0.1826106459
159,imburana,aroeira,RII,altura,-0.0679311245
159,imburana,aroeira,RII,folha,0.0634819324
159,imburana,cating,RII,altura,-0.3269801702
159,imburana,cating,RII,folha,-0.2257575758
160,imbiratanha,angico,RII,altura,-0.135287461
160,imbiratanha,angico,RII,folha,-0.1040898618
160,imbiratanha,aroeira,RII,altura,0.1094516564
160,imbiratanha,aroeira,RII,folha,-0.0089070048
160,imbiratanha,cating,RII,altura,-0.1397470343
160,imbiratanha,cating,RII,folha,-0.1388888889
